	ИМЯ	ПОЛ	КАТЕГОРИЯ	ГОДЫ ЖИЗНИ	ЗНАКОМСТВО	Года в ПРОЗА	Года в СТИХ	Года в ПОЭМА	Года в ДРАМА	Года в СТИХ+ПРОЗА
1	Абдулов Александр Гаврилович	М	Актер	1953-2008	1	1990	2008			
2	Авалиани Дмитрий Сергеевич	М	Поэт	1938-2003	1	2002			2002	
3	Аввакум Петров	М	Религиозный деятель	1620-1682	0	1984	1981, 1989	2008		
4	Аверинцев Сергей Сергеевич	М	Литературный деятель	1937-2004	1	1987, 1998	1975			
5	Аксенов Василий Павлович	М	Писатель	1932-2009	1	1972, 1983, 1984, 1990, 1992, 1997, 1998, 2000	2006			
6	Александр III	М	Историческая личность	1845-1894	0	1984		1979		
7	Асеев Николай Николаевич	М	Поэт	1889-1963	1	1966, 1976, 1981, 1982, 2009	1973	1964, 1998		
8	Астафьев Виктор Петрович	М	Писатель	1924-2001	1	2001	1987			
9	Ахмадулина Белла Ахатовна	Ж	Поэт	1937-2010	1	1976, 1983, 1984, 1990, 1994, 1998, 1999, 2001, 2006	1958, 1962, 1963, 1972, 2007			
10	Ахматова Анна Андреевна	Ж	Поэт	1889-1966	1	1966, 1973, 1981, 1984, 1990, 1992, 1994, 1997, 1998, 1999, 2000, 2003	1966, 1977, 1981, 1982			
11	Байрон Джордж Гордон	М	Поэт	1788-1824	0	1967	1972, 1987			
12	Бакунин Михаил Александрович	М	Революционер	1814-1876	0	1966, 1998	1977			
13	Бальмонт Константин Дмитриевич	М	Поэт	1867-1942	0	1983, 1984, 1992, 1998, 2003	1977, 1980, 1989			
14	Барков Иван Семенович	М	Поэт	1732-1768	0	1992	1975			
15	Барма	М	Архитектор	Неизвестно	0	1973		1957, 1979		
16	Барт Ролан	М	Литературный деятель	1915-1980	0	1992	1980			
17	Барышников Михаил Николаевич	М	Балет	1948-н.в.	0	1984	2009			
18	Бах Иоганн Себастьян	М	Композитор	1685-1750	0	1966, 1984	1977, 1982, 1990, 2003, 2005			
19	Башмет Юрий Абрамович	М	Музыкант	1953-н.в.	1	1998	1997			
20	Бедуля Владимир Леонтьич	М	Крестьянин, фермер	Неизвестно	1	1984	1972			
21	Белый Андрей (Бугаев Борис Николаевич)	М	Поэт, писатель	1880-1934	0	1981, 1984, 1990, 1994, 2003	1982		1999	
22	Бенуа Александр Николаевич	М	Художник	1870-1960	0	1984		1979		
23	Берберова Нина Николаевна	Ж	Писатель	1901-1993	1	1984, 1992, 2003	1981			
24	Берггольц Ольга Федоровна	Ж	Поэт	1910-1975	0	1984, 1997	1975, 1987			
25	Берия Лаврентий Павлович	М	Политический деятель	1899-1953	0	1990		1999		
26	Бетховен Людвиг ван	М	Композитор	1770-1827	0	1975	1958, 1997			
27	Блейк Уильям	М	Поэт, художник	1757-1827	0	1992	1997			
28	Блок Александр Александрович	М	Поэт	1880-1921	0	1970, 1973, 1976, 1981, 1982, 1983, 1984, 1987, 1990, 1992, 1994, 1998, 1999, 2001, 2002, 2003, 2006	1970, 1977, 1981, 1982, 1984, 1993, 1997	1999		
29	Бове Осип Иванович	М	Архитектор	1784-1834	0	1987, 1998, 2004	1984	2004		
30	Богуславская Зоя Борисовна	Ж	Писатель	1924-н.в.	1	1968, 1990, 1992	1962, 1969, 1971, 1972, 1983	1964		
31	Божилов Божидар	М	Поэт	1913-1987	1	1998, 2002	1967			
32	Боков Виктор Фёдорович	М	Поэт	1914-2009	1	1962, 1981, 1999, 2000	1957, 1961, 1970, 1974			
33	Брежнев Леонид Ильич	М	Политический деятель	1906-1982	1	1966, 1984, 1990, 1998, 1999, 2000	1984	1999	1999	
34	Брик Лиля Юрьевна	Ж	Муза	1891-1978	1	1966, 1981, 1984, 1990, 1992	1963			1969
35	Булгаков Михаил Афанасьевич	М	Писатель	1891-1940	0	1992, 1998	1979	1999	2002	
36	Бунин Иван Алексеевич	М	Писатель	1870-1953	0	1992, 2003		1986		
37	Буш Джордж	М	Политический деятель	1924-2018	1	1992, 2004	2005			1999
38	Ван Гог Винсент	М	Художник	1853-1890	0	1970, 2001	1973	1999		
39	Войнович Владимир Николаевич	М	Писатель	1932-2018	1	1990	2002			
40	Войтыла Кароль	М	Религиозный деятель	1920-2005	0	1990	2005			
41	Врубель Михаил Александрович	М	Художник	1856-1910	0	1968, 1973, 1975, 1984, 1997, 1998	1975, 1984			
42	Высоцкий Владимир Семенович	М	Музыкант, поэт	1938-1980	1	1981, 1984, 1990, 1994, 1998, 2000	1971, 1980, 1982		1974	
43	Гавел Вацлав	М	Политический деятель	1936-2011	1	1983	1989		1999	
44	Гагарин Юрий Алексеевич	М	Авиация и космонавтика	1934-1968	0	1984	1980	1999		
45	Гайдн Йозеф	М	Композитор	1732-1809	0	1994	1997			
46	Гамлет	М	Литературный персонаж	Неизвестно	0	1973	1957, 1965, 1980, 1998, 2005		1974	
47	Герцен Александр Иванович	М	Писатель	1812-1870	0	1984, 1998	1979, 1982	1979		
48	Гинсберг Аллен	М	Поэт	1926-1997	1	1971, 1981, 1984, 1992, 1994, 1997, 1998, 1999	1975, 1997, 2009			1968
49	Гиппиус Зинаида Николаевна	Ж	Поэт	1869-1945	0	1992			2002	
50	Гитлер Адольф	М	Историческая личность	1889-1945	0	1992, 1994, 1997, 1999	1992		2003	
51	Глазунов Илья Сергеевич	М	Художник	1930-2017	1	1992	1974			
52	Гоген Поль	М	Художник	1848-1903	0	1973, 1976, 1990	1958			
53	Гоголь Николай Васильевич	М	Писатель	1809-1852	0	1972, 1975, 1994, 1997, 1998, 1999	1963, 1974, 2008	1996		
54	Гойя Франсиско	М	Художник	1746-1828	0	1992	1957, 1962			
55	Голицын Илларион Владимирович	М	Художник	1884-1949	0	1990, 2000	2000			
56	Головина Наташа	Ж	Художник	1970-н.в.	1	1998	2005			
57	Гончарова Наталья Николаевна	Ж	Муза	1812-1863	0	1984, 1992	1985			
58	Горбачёв Михаил Сергеевич	М	Политический деятель	1931-2022	1	1994	2001, 2005		2003	
59	Грасс Гюнтер	М	Поэт, писатель	1927-2015	1	1983, 1998, 2000	1980		2002	
60	Гребенщиков Борис Борисович	М	Музыкант, поэт	1953-н.в.	1	1990, 1992, 1994, 1998, 1999, 2006	1980, 1991, 1994, 1998, 2007		2000	
61	Грибоедов Александр Сергеевич	М	Драматург	1795-1829	0	1984, 2003	1997			
62	Гудиашвили Ладо	М	Художник	1896-1980	0	1984		1979		
63	Гумилев Николай Степанович	М	Поэт	1886-1921	0	1984, 1990, 1992, 1994, 1998, 2003, 2006	1980, 1981		2000	
64	Гёте Иоганн Вольфганг	М	Поэт, писатель	1749-1832	0	1967, 1990, 1997, 1998	1987	1998		
65	Да Винчи Леонардо	М	Художник	1452-1519	0	1967, 1990, 1994	1979	1996		1967
66	Дали Сальвадор	М	Художник	1904-1989	0	1984, 1990, 1992, 1994, 1998, 2000	1982, 1993, 2004	1963, 1999		
67	Дали Эльвира (Гала)	Ж	Муза	1894-1982	0	1994		1999		
68	Данте Алигьери	М	Поэт	1265-1321	0	1998	1965, 1975, 1980, 1982	1982, 1999	2003	
69	Даргомыжский Александр Сергеевич	М	Композитор	1813-1869	0	1984	2005			
70	Делон Ален	М	Актер	1935-2024	0	1998	1989			
71	Дементьев Андрей Дмитриевич	М	Поэт	1928-2018	1	1975, 1984, 1998	1971			
72	Демидова Алла Сергеевна	Ж	Актер	1936-н.в.	1	1990			1974	
73	Державин Гавриил Романович	М	Поэт	1743-1816	0	1975, 1984, 1990, 1992, 1998, 2001, 2003	1976	1982	1970, 2003	
74	Деррида Жак	М	Философ	1930-2004	0	1997	1981			
75	Джагаров Георгий	М	Поэт	1925-1987	1	1983	1968			
76	Джойс Джеймс	М	Писатель	1882-1941	0	1994, 1998		1963		
77	Джонс Джаспер	М	Художник	1930-н.в.	0	1990	1990			
78	Джульетта	Ж	Литературный персонаж	Неизвестно	0	1966	1962, 1963, 1975, 1993, 2002			
79	Дилан Боб	М	Музыкант, поэт	1941-н.в.	1	1971, 1984, 1992, 1998	2006			
80	Дмитриев Иван Иванович	М	Поэт	1760-1837	0	2003			1970	
81	Добрынкин	М	Историк	Неизвестно	0	1984		1979		
82	Довлатов Сергей Донатович	М	Писатель	1941-1990	0	1998			2000	
83	Достоевский Фёдор Михайлович	М	Писатель	1821-1881	0	1984, 1994, 1998, 2000, 2001	1981, 1986, 1989, 1990, 1994, 1999	1986, 1996		
84	Дункан Айседора	Ж	Танцовщица	1877-1927	0	1984, 1992, 2003	1981, 1984			
85	Евтушенко Евгений Александрович	М	Поэт	1932-2017	1	1973, 1976, 1983, 1984, 1987, 1998, 1999	1958, 2006			
86	Екатерина II Алексеевна	Ж	Историческая личность	1729-1796	0	1990	1971	1998	2003	
87	Елена Сергеевна	Ж	Педагог	Неизвестно	1	2010	1958			
88	Ельцин Борис Николаевич	М	Политический деятель	1931-2007	1	1999	2001	1999, 2007		
89	Ермолов Алексей Петрович	М	Военный деятель	1777-1861	0	1984		1979		
90	Есенин Сергей Александрович	М	Поэт	1895-1925	0	1976, 1981, 1984, 1987, 1990, 1992, 1994, 1998, 1999, 2000, 2003, 2006, 2009	1964, 1968, 1971, 1981, 1982, 1998	1977, 1999		
91	Ефремов Олег Николаевич	М	Актер	1927-2000	1	1984, 1990	2000			
92	Жак Виктор	М	Ректор	Неизвестно	1	1998	1973			
93	Жаров Александр Алексеевич	М	Поэт	1904-1984	0	1990	1973			
94	Жванецкий Михаил Михайлович	М	Писатель	1934-2020	1	1994	2003, 2004			
95	Живаго Юрий Андреевич	М	Литературный персонаж	Неизвестно	0	2000	1994, 2005			
96	Жуковский Василий Андреевич	М	Поэт	1783-1852	0	1984, 1990, 1998		1986		
97	Журавлёв Дмитрий Николаевич	М	Литературный деятель	1900-1991	1	1981	1958			
98	Заболоцкий Николай Алексеевич	М	Поэт	1903-1958	0	1962, 1975, 1976, 1983, 1984, 1990, 1992, 1994, 1998, 2000	1977			1976
99	Захаров Марк Анатольевич	М	Режиссер	1933-2019	1	1984, 1990, 1998, 2000	2008		1970, 2003	
100	Земфира Рамазанова	Ж	Певец	1976-н.в.	1	1999	2009			
101	Золотарев Александр Анатольевич	М	Историк	1947-2016	1	1984		1979		
102	Зураб Церетели	М	Скульптор	1934-н.в.	1	1994	2005			
103	Зыкина Людмила Георгиевна	Ж	Певец	1929-2009	1	1984, 1990	1997	1999		
104	Иисус Христос	М	Библейский персонаж	4 до н.э.-30 н.э.	0	2004	1973, 1996, 2004	1959		
105	Искренко Нина Юрьевна	Ж	Поэт	1951-1995	1	1990, 1998, 1999	1992, 1996			
106	Казаков Юрий Павлович	М	Писатель	1927-1982	1	1982, 1984, 1998				1963
107	Какабадзе Давид	М	Художник	1889-1952	0	1984		1979		
108	Калигула Гай Юлий Цезарь	М	Историческая личность	12-41	0	1992		1977		
109	Камю Альбер	М	Писатель	1913-1960	0	1971, 1990, 1992, 1994		1999		
110	Капица Сергей Петрович	М	Учёный	1928-2012	1	1998	1972, 1987	1986		
111	Караченцов Николай Петрович	М	Актер	1944-2018	1	1984, 1990, 1998	2006		2003	
112	Карякин Юрий Федорович	М	Литературный деятель	1930-2011	1	1984, 1992	1993			
113	Кастро Фидель Алехандро	М	Политический деятель	1926-2016	0	1990			1999	
114	Катаев Валентин Петрович	М	Писатель	1897-1986	1	1972, 1992, 1998				1965
115	Кедров Константин Александрович	М	Поэт	1942-н.в.	1	1990, 1992, 1994	2002			
116	Кеннеди Жаклин	Ж	Общественный деятель	1929-1994	1	1990, 1992	1994	1999		
117	Керенский Александр Фёдорович	М	Политический деятель	1881-1970	1	1984, 1990, 1992	2005			
118	Кирсанов Семен Исаакович	М	Поэт	1906-1972	1	1970	1973			
119	Коган Павел Давыдович	М	Поэт	1918-1942	1	1987	1975			
120	Козлов Алексей	М	Музыкант	Неизвестно	1	1997	1998			
121	Козырев Николай Александрович	М	Ученый	1908-1983	1	1998	1975			
122	Кокто Жан	М	Поэт	1889-1963	0	1984, 1990, 1998		1964, 1998		
123	Колумб Христофор	М	Мореплаватель	1451-1506	0	1973	1961, 1975			
124	Коненков Сергей Тимофеевич	М	Скульптор	1874-1971	0	1984, 1998	1977			
125	Коперник Николай	М	Ученый	1473-1543	0	1997	1965	1996		
126	Коровин Константин Алексеевич	М	Художник	1861-1939	0	1984	1981			
127	Космодемьянская Зоя Анатольевна	Ж	Партизанка, героиня	1923-1941	0	1987	2005	1957		
128	Косолапов Валерий Алексеевич	М	Редактор	1941-н.в.	1	1984	1960			
129	Крамской Иван Николаевич	М	Художник	1837-1887	0	1984, 1998	1998			
130	Кузмин Михаил Алексеевич	М	Поэт	1872-1936	0	1984, 1994, 1998, 1999	1976			
131	Куйбышев Валериан Владимирович	М	Политический деятель	1888-1935	0	1997		1963		
132	Кушнер Александр Семёнович	М	Поэт	1936-н.в.	0	1984, 1987, 1998, 1999, 2000	1972			
133	Лавров Иван	М	Музыкант	Неизвестно	0	1984		1979		
134	Ландау Лев Давидович	М	Учёный	1908-1968	0	1973	1965			
135	Левитан Исаак Ильич	М	Художник	1860-1900	0	1975, 1984, 1994, 1998	1987, 2000			
136	Ленин Владимир Ильич	М	Революционер	1870-1924	0	1962, 1984, 1990, 1994, 1997, 1998, 1999, 2000	1958, 1960, 1977, 1998, 2008	1963	2003	
137	Леннон Джон	М	Музыкант	1940-1980	0	1984	1992, 1997	1963		
138	Лентулов Аристарх Васильевич	М	Художник	1882-1943	0	1984	1981			
139	Лермонтов Михаил Юрьевич	М	Поэт	1814-1841	0	1961, 1962, 1972, 1976, 1982, 1984, 1987, 1990, 1992, 1998, 2001	1957, 1963, 1970, 1977, 1984, 2000, 2001, 2005, 2006	1999	2000, 2003	1965, 1967
140	Ливанов Борис Николаевич	М	Актер	1904-1972	1	1981	1965			
141	Литвинова Рената Муратовна	Ж	Актер	1967-н.в.	1	1998	2009			
142	Лифарь Сергей Михайлович	М	Балет	1905-1986	0	1998		1964, 1998		
143	Ломоносов Михаил Васильевич	М	Учёный	1711-1765	0	1970, 1990	1983			
144	Лорка Федерико Гарсиа	М	Поэт	1898-1936	0	1998	1963			
145	Лоуэлл Роберт	М	Поэт	1917-1977	1	1971, 1992, 1994	1963, 1966			
146	Луговской Владимир Александрович	М	Поэт	1901-1957	1	2000		1964, 1998		
147	Любимов Юрий Петрович	М	Режиссер	1917-2014	1	1981, 1990, 1998, 2000	1960, 2003			
148	Лютер Мартин	М	Реформатор	1483-1546	0	1967, 1990		1999		
149	Мавроди Сергей Пантелеевич	М	Бизнес	1955-2018	0	1994		1999		
150	Макаревич Андрей Вадимович	М	Музыкант	1953-н.в.	1	1997, 1998	1994		2002	
151	Малевич Казимир Северинович	М	Художник	1879-1935	0	1984, 1990, 1992, 1994, 1997	1983, 1993, 1994, 1997	1996	2003	
152	Мандельштам Надежда Яковлевна	Ж	Писатель	1899-1980	1	1984, 1992	1998			
153	Мандельштам Осип Эмильевич	М	Поэт	1891-1938	0	1973, 1976, 1981, 1984, 1990, 1992, 1994, 1997, 1998, 1999, 2000, 2003, 2004, 2006	1981, 1982, 1987	1986, 1998, 2003, 2004	1999	
154	Маркес Габриэль Гарсия	М	Писатель	1927-2014	1	1984	1973		2002	
155	Маркс Карл	М	Философ	1818-1883	0	1961, 1962, 1992, 1998	1987, 1990	1977		1965
156	Маршак Самуил Яковлевич	М	Поэт	1887-1964	1	1981, 1990	1983	1998		
157	Маяковский Владимир Владимирович	М	Поэт	1893-1930	0	1966, 1967, 1970, 1972, 1973, 1975, 1976, 1981, 1982, 1983, 1984, 1987, 1990, 1992, 1994, 1998, 2000, 2001, 2003, 2006, 2009, 2010	1947, 1962, 1963, 1968, 1973, 1987, 2000, 2008	1964, 1999	2002	1976
158	Межелайтис Эдуардас	М	Поэт	1919-1997	0	1990	1963			
159	Межиров Александр Петрович	М	Поэт	1923-2009	1	1981, 1983, 1998, 2000	2006			
160	Мейерхольд Всеволод Эмильевич	М	Режиссер	1874-1940	0	1990, 1998	1977			
161	Мельников Константин Степанович	М	Архитектор	1890-1974	0	1973, 1984, 1990, 1992	1978, 1984, 2002			
162	Мень Александр Владимирович	М	Религиозный деятель	1935-1990	1	1981	1990			
163	Микеланджело Буонарроти	М	Художник, скульптор	1475-1564	0	1975, 1984, 1998	1967, 1971, 1975, 1983	1957		
164	Миро Жоан	М	Художник	1893-1983	0	1962	1992			
165	Мицкевич Адам	М	Поэт	1798-1855	0	1981	1971			
166	Мишо Анри	М	Поэт, художник	1899-1984	1	1982, 1984, 1992, 1994	1980			
167	Модильяни Амедео	М	Художник	1884-1920	0	1984	1962, 1967			
168	Моцарт Вольфганг Амадей	М	Композитор	1756-1791	0	1973, 1992	1980, 1992	1998		
169	Мур Генри	М	Скульптор	1898-1986	1	1966, 1970, 1984, 1998	1965			
170	Набоков Владимир Владимирович	М	Писатель	1899-1977	0	1984, 1990, 1992, 1998, 1999, 2002, 2003, 2006	1972			
171	Наполеон Бонапарт	М	Историческая личность	1769-1821	0	1984, 1992, 1998, 2001	1970, 1976, 1981, 1992, 2003, 2004	1964, 1979, 1999	2003	
172	Неизвестный Эрнст Иосифович	М	Скульптор	1925-2016	1	1990, 1994	1966, 2001	1998		1964
173	Некрасов Виктор Платонович	М	Писатель	1911-1987	1	1984, 1990, 1998, 1999	1989			
174	Некрасов Николай Алексеевич	М	Поэт	1821-1878	0	1984, 1998		1979		
175	Неруда Пабло	М	Поэт	1904-1973	1	1984, 1998	1973			
176	Николай II Александрович	М	Историческая личность	1868-1918	0	1990			2003	
177	Николай Михайлович Романов	М	Историческая личность	1859-1919	0	1984		1979		
178	Ницше Фридрих	М	Философ	1844-1900	0	1999	1988			
179	Оден Уистен Хью	М	Поэт	1907-1973	1	1984, 1992	1979			
180	Окуджава Булат Шалвович	М	Музыкант, поэт	1924-1997	1	1976, 1981, 1984, 1990, 1994, 1998, 1999, 2000	1960, 1961, 1976, 1981, 1998			
181	Павел (апостол)	М	Библейский персонаж	5-67	0	1998	2004, 2006		1999	
182	Павлов Леонид Николаевич	М	Архитектор	1909-1990	1	1984, 1998	1980			
183	Пастернак Борис Леонидович	М	Поэт, писатель	1890-1960	0	1966, 1968, 1973, 1975, 1976, 1981, 1984, 1987, 1990, 1992, 1994, 1997, 1998, 1999, 2000, 2001, 2003, 2004, 2009, 2010	1960, 1965, 1968, 1973, 1977, 1989, 1997, 2000, 2004, 2006, 2008, 2009	1982, 1999, 2007		
184	Паунд Эзра	М	Поэт	1885-1972	0	1990, 1992, 1998, 2000, 2001	1999	1996	2003	
185	Пелевин Виктор Олегович	М	Писатель	1962-н.в.	0	1990, 1999	2003		2000	
186	Петр I Алексеевич	М	Историческая личность	1672-1725	0	1990, 1998	1958, 1971, 1976, 1977, 1980, 1982, 1987, 1994, 1998			
187	Петрарка Франческо	М	Поэт	1304-1374	0	1982, 1998	1982	1982		
188	Пикассо Пабло	М	Художник	1881-1973	1	1961, 1962, 1973, 1981, 1984, 1994, 1997, 1998, 2001	1963, 1974, 1981	1996		
189	Плиний Старший	М	Писатель	23-79	0	1990	1997			
190	Плисецкая Майя Михайловна	Ж	Балет	1925-2015	1	1966, 1970, 1984, 1990, 1992, 1994, 1998, 2006	1974, 2002	2005	2003	
191	Полисадов Андрей	М	Религиозный деятель	Неизвестно	0	1984		1979		
192	Поллак Джексон	М	Художник	1912-1956	0	1990	2000			
193	Постник	М	Архитектор	Неизвестно	0	1973		1979		
194	Пруст Марсель	М	Писатель	1871-1922	0	1972, 1994	1992, 2004			
195	Пугачёва Алла Борисовна	Ж	Певец	1949-н.в.	1	1994, 1998	1978			
196	Пушкин Александр Сергеевич	М	Поэт	1799-1837	0	1961, 1962, 1966, 1970, 1973, 1976, 1984, 1990, 1992, 1994, 1997, 1998, 1999, 2000, 2001, 2003	1958, 1966, 1973, 1975, 1976, 1977, 1979, 1980, 1982, 1985, 1987, 1992, 1994, 1997, 1999, 2000, 2005	1964, 1979, 1982, 1996, 1999		
197	Разин Степан Тимофеевич	М	Историческая личность	1630-1671	0	1990	1975			
198	Раушенберг Роберт	М	Художник	1925-2008	1	1990	1977			
199	Рафаэль Санти	М	Художник	1483-1520	0	1984, 1994	1958, 1983			
200	Рахманинов Сергей Васильевич	М	Композитор	1873-1943	1	1973, 1983	1972, 1988			
201	Рембо Артюр	М	Поэт	1854-1891	0	1992, 1994, 1999	1972, 1984, 1997, 1999			
202	Ренуар Пьер Огюст	М	Художник	1841-1919	0	1981	1958, 1972		2003	
203	Репин Илья Ефимович	М	Художник	1844-1930	0	1984, 1998		1964		
204	Рерих Николай Константинович	М	Художник	1874-1947	0	1975, 1984, 1992, 1998	1989			
205	Рихтер Святослав Теофилович	М	Музыкант	1915-1997	1	1966, 1970, 1981, 1984, 1990, 1997, 1998, 2000	1975, 1983, 1989, 1997			
206	Росс Бетси	М	Историческая личность	1752-1836	0	1992	1990			
207	Ростропович Мстислав Леопольдович	М	Музыкант	1927-2007	1	1990, 1994, 1998	1994			
208	Рубинштейн Лев Семёнович	М	Поэт	1947-н.в.	1	1990	1992			
209	Рублев Андрей	М	Художник	1360-1430	0	1967, 1984	1977			
210	Рыбников Алексей Львович	М	Композитор	1945-н.в.	1	1984, 1990, 1998	2008		1970, 2003	
211	Рыков Алексей Иванович	М	Политический деятель	1881-1938	0	1990		1996		
212	Сапгир Генрих Вениаминович	М	Поэт	1928-1999	1	1968, 1990, 1994, 1998, 2000, 2006	1993			
213	Сартр Жан-Поль	М	Философ	1905-1980	1	1975, 1984, 1990, 1992, 1994	1962			1963
214	Сахаров Андрей Дмитриевич	М	Учёный	1921-1989	1	1990, 1998, 2000	1994			
215	Северянин Игорь Васильевич	М	Поэт	1887-1941	0	1971, 1973, 1983, 1984, 1992, 1998, 2003	1977, 1981	1986		
216	Сервантес Мигель де	М	Писатель	1547-1616	0	1994	1965, 1993	1999		
217	Серов Валентин Александрович	М	Художник	1865-1911	0	1976, 1984, 1990, 1998		1999		
218	Симонов Константин Михайлович	М	Поэт, писатель	1915-1979	1	1981, 1984, 1992, 1998, 1999		1964, 1998		
219	Слуцкий Борис Абрамович	М	Поэт	1919-1986	1	1976, 1983, 1984, 1990, 1992, 1999	1976			
220	Смит Уильям Джей	М	Поэт	1918-2015	1	1971, 1983, 1992	1978			
221	Сократ	М	Философ	470 до н.э.-399 до н.э.	0	1998			2000	
222	Солоухин Владимир Алексеевич	М	Писатель	1924-1997	1	1984, 1987, 1990, 1998	1972, 1975			
223	Сорос Джордж	М	Бизнес	1930-н.в.	0	1998		2007		
224	Сталин Иосиф Виссарионович	М	Историческая личность	1878-1953	0	1968, 1981, 1984, 1990, 1992, 1994, 1997, 1998, 1999, 2000, 2006	1958, 1972, 1987, 1991, 2004, 2008		2003	
225	Старовойтова Галина Васильевна	Ж	Политический деятель	1946-1998	1	1994, 1999		1999		
226	Стравинский Игорь Фёдорович	М	Композитор	1882-1971	0	1966, 1970, 1973, 1984	1967, 1974, 1989			
227	Сулейменов Олжас Омарович	М	Поэт	1936-н.в.	1	1998	1970			
228	Суриков Василий Иванович	М	Художник	1848-1916	0	1984	1977			
229	Сытин Иван Дмитриевич	М	Издатель	1851-1934	0	1984		1999		
230	Табидзе Тициан Юстинович	М	Поэт	1895-1937	0	1992	1987			
231	Таривердиев Микаэл Леонович	М	Композитор	1931-1996	1	1984, 1990, 1998	1963, 1988	1996		
232	Тарковский Андрей Арсеньевич	М	Режиссер	1932-1986	1	1981, 1990, 1994, 1998	1961, 1975, 1977, 1979, 1990	1979		
233	Твардовский Александр Трифонович	М	Поэт	1910-1971	1	1990, 1999, 2000, 2001	1962			
234	Темирканов Юрий Хатуевич	М	Дирижер	1938-2023	0	1990, 1994, 2006	2002	2005		
235	Ткаченко Александр Михайлович	М	Поэт	1955-н.в.	1	1978, 1990, 1998, 2000	2008	2009		
236	Толстой Лев Николаевич	М	Писатель	1828-1910	0	1981, 1984, 1987, 1992, 1994, 1998, 2000	1977, 1989, 2009	1986, 1996, 1999		
237	Третьяков Павел Михайлович	М	Меценат	1832-1898	0	1984, 1998	1974, 1984			
238	Троцкий Лев Давидович	М	Революционер	1879-1940	0	1984, 1992, 1994, 1998	2003		2000	
239	Тулуз-Лотрек Анри	М	Художник	1864-1901	0	1966, 1970		1977		
240	Тургенев Иван Сергеевич	М	Писатель	1818-1883	0	1984, 1998	1972, 1987			
241	Тухачевский Михаил Николаевич	М	Военный деятель	1893-1937	0	1990	1977			1965
242	Уанджюк Марика	М	Поэт	Неизвестно	1	1992, 1998	1975			
243	Уваров Алексей Сергеевич	М	Археолог	1825-1884	0	1984		1979		
244	Уварова Прасковья Сергеевна	Ж	Археолог	1840-1924	0	1984		1979		
245	Фет Афанасий Афанасьевич	М	Поэт	1820-1892	0	1973, 1975, 1981, 1984, 1994, 1998, 2010	1970, 1973, 1975			
246	Филатов Леонид Алексеевич	М	Актер	1946-2003	1	1990	1986			
247	Филонов Павел Николаевич	М	Художник	1883-1941	0	1973, 1984, 1990, 2000	1967, 1981			
248	Флоренский Павел Александрович	М	Философ	1882-1937	0	1975, 1990, 1992, 1994, 1998, 2003		1964, 1998		
249	Фрейд Зигмунд	М	Психоаналитик	1856-1939	0	1990	1979, 1982, 1994	1996		
250	Фурцева Екатерина Алексеевна	Ж	Политический деятель	1910-1974	1	1990	2001		2003	
251	Хемингуэй Эрнест Миллер	М	Писатель	1899-1961	0	1984	1965			
252	Херасков Михаил Матвеевич	М	Поэт	1733-1807	0	2004		2004		
253	Хлебников Борис Николаевич	М	Историк	Неизвестно	1	1984		1979		
254	Хлебников Велемир Викторович	М	Поэт	1885-1922	0	1970, 1973, 1975, 1976, 1981, 1984, 1990, 1992, 1994, 1998, 1999, 2000, 2003, 2006, 2009	1978, 1981, 1982, 1984	1964, 1998		
255	Ходасевич Владислав Фелицианович	М	Поэт	1886-1939	0	1984, 1992, 1998, 2003	1980			
256	Холодов Дмитрий Юрьевич	М	Журналист	1967-1994	1	1990, 2000	1994			
257	Хрущёв Никита Сергеевич	М	Политический деятель	1894-1971	1	1981, 1982, 1987, 1990, 1992, 1998, 1999, 2000, 2001	1997, 2000, 2003, 2004			1964
258	Цветаева Марина Ивановна	М	Поэт	1892-1941	0	1966, 1970, 1981, 1984, 1992, 1997, 1998, 1999, 2000, 2003, 2006, 2009	1968, 1970, 1976, 1982, 1984, 2005			
259	Цезарь Гай Юлий	М	Историческая личность	100 до н.э.-44 до н.э.	0	1999	1975			
260	Чаадаев Пётр Яковлевич	М	Философ	1794-1856	0	1975	1996			
261	Чайковский Пётр Ильич	М	Композитор	1840-1893	0	1973, 1975, 1984, 1992, 1999	1981, 1993, 1996, 2004	1996, 1999	1999	
262	Чаклайс Марис Рудольфович	М	Поэт	1940-2003	0	1973, 1978	1971			
263	Чаплин Чарльз Спенсер	М	Актер	1889-1977	0	1998				1978
264	Шагал Марк Захарович	М	Художник	1887-1985	1	1984, 1990, 1992, 1994, 1997, 1998, 1999, 2000, 2002	1973, 1978, 1980, 1988	1999		
265	Шевчук Юрий Юлианович	М	Музыкант, поэт	1957-н.в.	1	1998, 1999	2009			
266	Шекспир Уильям	М	Драматург	1564-1616	0	1967, 1998, 2001	1967, 1976, 1977, 1980, 1983	1998		
267	Шестов Лев Исаакович	М	Философ	1866-1938	0	1990	1986	1986		
268	Шкловский Виктор Борисович	М	Писатель	1893-1984	1	1970, 1976, 1990, 2003	1964, 1972, 1982			
269	Шнитке Альфред Гарриевич	М	Композитор	1934-1998	1	1990	1974, 2002			
270	Шопен Фредерик Франсуа	М	Композитор	1810-1849	0	1984, 1990, 1998, 2001	1967, 1981			
271	Шопенгауэр Артур	М	Философ	1788-1860	0	1990	2006			
272	Шостакович Дмитрий Дмитриевич	М	Композитор	1906-1975	1	1973, 1990, 1998, 2000	1974, 2002			
273	Шуберт Франц	М	Композитор	1797-1828	0	1997	1980			
274	Шукшин Василий Макарович	М	Писатель	1929-1974	1	1981, 2000	1975			
275	Щедрин Родион Константинович	М	Композитор	1932-н.в.	1	1966, 1975, 1984, 1990, 1992, 1998	1967, 1973, 1981, 2002			
276	Щипачёв Степан Петрович	М	Поэт	1899-1980	1	1984	1959			
277	Элиот Томас Стернз	М	Поэт	1888-1965	0	1984, 1990, 1998	1979			
278	Эрдман Николай Робертович	М	Драматург	1900-1970	1	1990		1999		
279	Юон Константин Фёдорович	М	Художник	1875-1958	0	1975	1973			
280	Яковлев Александр Николаевич	М	Политический деятель	1923-2005	1	1998, 2000		1986		
281	Яншин Алексей	М	Учёный	Неизвестно	0	1992		1986		